3,"t","Honey Bee Colonies: Released August 1, 2023, by the National Agricultural Statistics Service (NASS), Agricultural Statistics Board, United States Department of Agriculture (USDA)."
3,"t","Colonies Lost with Colony Collapse Disorder Symptoms with Five or More Colonies � United States: 2022 and 2023"
3,"t","[Loss reported that met all of the following criteria: 1) Little to no build-up of dead bees in the hive or at the hive entrance 2) Rapid loss of adult honey bee population despite the presence of queen, capped brood, and food reserves 3) Absence or delayed robbing of the food reserves 4) Loss not attributable to varroa or nosema loads. Blank cells indicate estimation period has not yet begun]"
3,"h","","","","",""
3,"h","Year","January-March","April-June","July-September","October-December"
3,"h","","","","",""
3,"u","","(number)","(number)","(number)","(number)"
3,"d","2022",86070,51390,68620,93550
3,"d","2023",107630,54730
3,"c",""
